Seller SKU,Variation,Product SKU,Product SKU 2,Quantity Used
4580794010646,7 sheets,4580794010646,N/A,1
4971650801483,03 Ultra-Rich Hydration,4971650801483,N/A,1
4580794011599,28 sheets,4580794011599,N/A,1
4580794010394,7 sheets x 4 packs,4580794010394,N/A,4
4901416182662,2 pcs of Brightening Face Powder,4901416182662,N/A,2
4580794010646,7 sheets x 6 packs,4580794010646,N/A,6
4971650800578,02 Rich Moisturizing,4971650800578,N/A,1
4580794010295,7 sheets x 5 packs,4580794010295,N/A,5
4580794010653,32 sheets,4580794010653,N/A,1
4971650801087,01 Hydrate & Bright,4971650801087,N/A,1
4901416180897,Pastel Rose,4901416180897,N/A,1
4901416180897,Pastel Rose 2 pcs set,4901416180897,N/A,2
4901416180903,White Floral Bouquet 2 pcs set,4901416180903,N/A,2
4580794011582,7 sheets x 5 packs,4580794011582,N/A,5
182679-182662,Brightening Powder & Cream Set,4901416182679,4901416182662,1
4946324047924,Default,4946324047924,N/A,1
4946324047931,553 Black,4946324047931,N/A,1
4901416180903,White Floral Bouquet,4901416180903,N/A,1
4901416182662,02 Brightening Face Powder,4901416182662,N/A,1
4580794011193,Default,4580794011193,N/A,1
4580794011209,Default,4580794011209,N/A,1
